theta23,dm31,chi2
45.5182,0.00218024,492.105
33.2109,0.001,537.422
33.8332,0.001,536.231
34.4499,0.001,535.123
35.0616,0.001,534.098
35.6685,0.001,533.155
36.2712,0.001,532.292
36.8699,0.001,531.506
37.465,0.001,530.795
38.0567,0.001,530.157
38.6455,0.001,529.586
39.2315,0.001,529.081
39.8151,0.001,528.638
40.3966,0.001,528.252
40.9761,0.001,527.922
41.5539,0.001,527.643
42.1304,0.001,527.412
42.7057,0.001,527.228
43.2801,0.001,527.089
43.8538,0.001,526.991
44.427,0.001,526.935
45,0.001,526.92
45.573,0.001,526.945
46.1462,0.001,527.011
46.7199,0.001,527.119
47.2943,0.001,527.271
47.8696,0.001,527.469
48.4461,0.001,527.714
49.0239,0.001,528.01
49.6034,0.001,528.359
50.1849,0.001,528.765
50.7685,0.001,529.232
51.3545,0.001,529.762
51.9433,0.001,530.359
52.535,0.001,531.026
53.1301,0.001,531.766
53.7288,0.001,532.582
54.3315,0.001,533.476
54.9384,0.001,534.45
55.5501,0.001,535.505
56.1668,0.001,536.643
56.7891,0.001,537.862
33.2109,0.00105556,533.021
33.8332,0.00105556,531.772
34.4499,0.00105556,530.608
35.0616,0.00105556,529.529
35.6685,0.00105556,528.533
36.2712,0.00105556,527.618
36.8699,0.00105556,526.783
37.465,0.00105556,526.024
38.0567,0.00105556,525.34
38.6455,0.00105556,524.726
39.2315,0.00105556,524.18
39.8151,0.00105556,523.698
40.3966,0.00105556,523.278
40.9761,0.00105556,522.915
41.5539,0.00105556,522.608
42.1304,0.00105556,522.354
42.7057,0.00105556,522.15
43.2801,0.00105556,521.993
43.8538,0.00105556,521.884
44.427,0.00105556,521.821
45,0.00105556,521.802
45.573,0.00105556,521.829
46.1462,0.00105556,521.901
46.7199,0.00105556,522.019
47.2943,0.00105556,522.185
47.8696,0.00105556,522.401
48.4461,0.00105556,522.669
49.0239,0.00105556,522.99
49.6034,0.00105556,523.369
50.1849,0.00105556,523.808
50.7685,0.00105556,524.31
51.3545,0.00105556,524.878
51.9433,0.00105556,525.516
52.535,0.00105556,526.226
53.1301,0.00105556,527.012
53.7288,0.00105556,527.876
54.3315,0.00105556,528.82
54.9384,0.00105556,529.846
55.5501,0.00105556,530.956
56.1668,0.00105556,532.15
56.7891,0.00105556,533.43
33.2109,0.00111111,529.19
33.8332,0.00111111,527.902
34.4499,0.00111111,526.702
35.0616,0.00111111,525.588
35.6685,0.00111111,524.558
36.2712,0.00111111,523.611
36.8699,0.00111111,522.745
37.465,0.00111111,521.956
38.0567,0.00111111,521.242
38.6455,0.00111111,520.6
39.2315,0.00111111,520.028
39.8151,0.00111111,519.521
40.3966,0.00111111,519.078
40.9761,0.00111111,518.694
41.5539,0.00111111,518.368
42.1304,0.00111111,518.097
42.7057,0.00111111,517.879
43.2801,0.00111111,517.712
43.8538,0.00111111,517.594
44.427,0.00111111,517.525
45,0.00111111,517.503
45.573,0.00111111,517.53
46.1462,0.00111111,517.605
46.7199,0.00111111,517.729
47.2943,0.00111111,517.904
47.8696,0.00111111,518.13
48.4461,0.00111111,518.411
49.0239,0.00111111,518.749
49.6034,0.00111111,519.145
50.1849,0.00111111,519.604
50.7685,0.00111111,520.128
51.3545,0.00111111,520.719
51.9433,0.00111111,521.382
52.535,0.00111111,522.119
53.1301,0.00111111,522.933
53.7288,0.00111111,523.826
54.3315,0.00111111,524.802
54.9384,0.00111111,525.861
55.5501,0.00111111,527.005
56.1668,0.00111111,528.237
56.7891,0.00111111,529.556
33.2109,0.00116667,525.825
33.8332,0.00116667,524.513
34.4499,0.00116667,523.29
35.0616,0.00116667,522.155
35.6685,0.00116667,521.106
36.2712,0.00116667,520.141
36.8699,0.00116667,519.257
37.465,0.00116667,518.451
38.0567,0.00116667,517.722
38.6455,0.00116667,517.065
39.2315,0.00116667,516.477
39.8151,0.00116667,515.957
40.3966,0.00116667,515.5
40.9761,0.00116667,515.104
41.5539,0.00116667,514.768
42.1304,0.00116667,514.487
42.7057,0.00116667,514.26
43.2801,0.00116667,514.085
43.8538,0.00116667,513.962
44.427,0.00116667,513.889
45,0.00116667,513.865
45.573,0.00116667,513.891
46.1462,0.00116667,513.967
46.7199,0.00116667,514.093
47.2943,0.00116667,514.271
47.8696,0.00116667,514.503
48.4461,0.00116667,514.791
49.0239,0.00116667,515.136
49.6034,0.00116667,515.541
50.1849,0.00116667,516.01
50.7685,0.00116667,516.544
51.3545,0.00116667,517.148
51.9433,0.00116667,517.823
52.535,0.00116667,518.574
53.1301,0.00116667,519.402
53.7288,0.00116667,520.31
54.3315,0.00116667,521.302
54.9384,0.00116667,522.379
55.5501,0.00116667,523.544
56.1668,0.00116667,524.797
56.7891,0.00116667,526.142
33.2109,0.00122222,522.843
33.8332,0.00122222,521.507
34.4499,0.00122222,520.265
35.0616,0.00122222,519.115
35.6685,0.00122222,518.052
36.2712,0.00122222,517.074
36.8699,0.00122222,516.179
37.465,0.00122222,515.363
38.0567,0.00122222,514.624
38.6455,0.00122222,513.958
39.2315,0.00122222,513.363
39.8151,0.00122222,512.834
40.3966,0.00122222,512.37
40.9761,0.00122222,511.968
41.5539,0.00122222,511.624
42.1304,0.00122222,511.338
42.7057,0.00122222,511.106
43.2801,0.00122222,510.927
43.8538,0.00122222,510.8
44.427,0.00122222,510.724
45,0.00122222,510.698
45.573,0.00122222,510.722
46.1462,0.00122222,510.797
46.7199,0.00122222,510.924
47.2943,0.00122222,511.103
47.8696,0.00122222,511.337
48.4461,0.00122222,511.626
49.0239,0.00122222,511.974
49.6034,0.00122222,512.383
50.1849,0.00122222,512.855
50.7685,0.00122222,513.394
51.3545,0.00122222,514.002
51.9433,0.00122222,514.683
52.535,0.00122222,515.44
53.1301,0.00122222,516.275
53.7288,0.00122222,517.192
54.3315,0.00122222,518.193
54.9384,0.00122222,519.281
55.5501,0.00122222,520.459
56.1668,0.00122222,521.729
56.7891,0.00122222,523.092
33.2109,0.00127778,520.257
33.8332,0.00127778,518.958
34.4499,0.00127778,517.76
35.0616,0.00127778,516.659
35.6685,0.00127778,515.332
36.2712,0.00127778,514.34
36.8699,0.00127778,513.433
37.465,0.00127778,512.606
38.0567,0.00127778,511.858
38.6455,0.00127778,511.184
39.2315,0.00127778,510.581
39.8151,0.00127778,510.046
40.3966,0.00127778,509.576
40.9761,0.00127778,509.168
41.5539,0.00127778,508.819
42.1304,0.00127778,508.528
42.7057,0.00127778,508.292
43.2801,0.00127778,508.109
43.8538,0.00127778,507.979
44.427,0.00127778,507.9
45,0.00127778,507.872
45.573,0.00127778,507.894
46.1462,0.00127778,507.968
46.7199,0.00127778,508.093
47.2943,0.00127778,508.272
47.8696,0.00127778,508.506
48.4461,0.00127778,508.796
49.0239,0.00127778,509.144
49.6034,0.00127778,509.554
50.1849,0.00127778,510.029
50.7685,0.00127778,510.57
51.3545,0.00127778,511.181
51.9433,0.00127778,511.866
52.535,0.00127778,512.627
53.1301,0.00127778,513.468
53.7288,0.00127778,514.392
54.3315,0.00127778,515.402
54.9384,0.00127778,516.501
55.5501,0.00127778,518.004
56.1668,0.00127778,519.22
56.7891,0.00127778,520.535
33.2109,0.00133333,517.752
33.8332,0.00133333,516.409
34.4499,0.00133333,515.166
35.0616,0.00133333,514.022
35.6685,0.00133333,512.973
36.2712,0.00133333,512.015
36.8699,0.00133333,511.146
37.465,0.00133333,510.36
38.0567,0.00133333,509.656
38.6455,0.00133333,509.027
39.2315,0.00133333,508.47
39.8151,0.00133333,507.98
40.3966,0.00133333,507.555
40.9761,0.00133333,507.189
41.5539,0.00133333,506.88
42.1304,0.00133333,506.624
42.7057,0.00133333,506.419
43.2801,0.00133333,506.261
43.8538,0.00133333,506.151
44.427,0.00133333,506.085
45,0.00133333,505.383
45.573,0.00133333,505.403
46.1462,0.00133333,505.475
46.7199,0.00133333,506.266
47.2943,0.00133333,506.425
47.8696,0.00133333,506.633
48.4461,0.00133333,506.893
49.0239,0.00133333,507.207
49.6034,0.00133333,507.059
50.1849,0.00133333,508.01
50.7685,0.00133333,508.507
51.3545,0.00133333,509.072
51.9433,0.00133333,509.71
52.535,0.00133333,510.425
53.1301,0.00133333,511.221
53.7288,0.00133333,512.102
54.3315,0.00133333,513.071
54.9384,0.00133333,514.131
55.5501,0.00133333,515.287
56.1668,0.00133333,516.54
56.7891,0.00133333,517.893
33.2109,0.00138889,515.638
33.8332,0.00138889,514.262
34.4499,0.00138889,512.988
35.0616,0.00138889,511.811
35.6685,0.00138889,510.73
36.2712,0.00138889,509.741
36.8699,0.00138889,508.841
37.465,0.00138889,508.026
38.0567,0.00138889,507.291
38.6455,0.00138889,506.634
39.2315,0.00138889,506.05
39.8151,0.00138889,505.535
40.3966,0.00138889,505.086
40.9761,0.00138889,504.699
41.5539,0.00138889,504.37
42.1304,0.00138889,504.096
42.7057,0.00138889,503.876
43.2801,0.00138889,503.706
43.8538,0.00138889,503.586
44.427,0.00138889,503.513
45,0.00138889,503.487
45.573,0.00138889,503.508
46.1462,0.00138889,503.576
46.7199,0.00138889,503.692
47.2943,0.00138889,503.857
47.8696,0.00138889,504.074
48.4461,0.00138889,504.344
49.0239,0.00138889,504.671
49.6034,0.00138889,505.057
50.1849,0.00138889,505.506
50.7685,0.00138889,506.021
51.3545,0.00138889,506.606
51.9433,0.00138889,507.265
52.535,0.00138889,508.002
53.1301,0.00138889,508.821
53.7288,0.00138889,509.725
54.3315,0.00138889,510.718
54.9384,0.00138889,511.804
55.5501,0.00138889,512.985
56.1668,0.00138889,514.264
56.7891,0.00138889,515.643
33.2109,0.00144444,513.864
33.8332,0.00144444,512.468
34.4499,0.00144444,511.172
35.0616,0.00144444,509.973
35.6685,0.00144444,508.871
36.2712,0.00144444,507.86
36.8699,0.00144444,506.938
37.465,0.00144444,506.101
38.0567,0.00144444,505.346
38.6455,0.00144444,504.669
39.2315,0.00144444,504.065
39.8151,0.00144444,503.532
40.3966,0.00144444,503.065
40.9761,0.00144444,502.661
41.5539,0.00144444,502.318
42.1304,0.00144444,502.031
42.7057,0.00144444,501.799
43.2801,0.00144444,501.62
43.8538,0.00144444,501.491
44.427,0.00144444,501.412
45,0.00144444,501.382
45.573,0.00144444,501.401
46.1462,0.00144444,501.469
46.7199,0.00144444,501.586
47.2943,0.00144444,501.755
47.8696,0.00144444,501.977
48.4461,0.00144444,502.254
49.0239,0.00144444,502.589
49.6034,0.00144444,502.984
50.1849,0.00144444,503.444
50.7685,0.00144444,503.97
51.3545,0.00144444,504.568
51.9433,0.00144444,505.241
52.535,0.00144444,505.992
53.1301,0.00144444,506.825
53.7288,0.00144444,507.744
54.3315,0.00144444,508.752
54.9384,0.00144444,509.853
55.5501,0.00144444,511.049
56.1668,0.00144444,512.344
56.7891,0.00144444,513.739
33.2109,0.0015,512.346
33.8332,0.0015,510.934
34.4499,0.0015,509.624
35.0616,0.0015,508.411
35.6685,0.0015,507.293
36.2712,0.0015,506.267
36.8699,0.0015,505.33
37.465,0.0015,504.479
38.0567,0.0015,503.709
38.6455,0.0015,503.017
39.2315,0.0015,502.399
39.8151,0.0015,501.852
40.3966,0.0015,501.373
40.9761,0.0015,500.957
41.5539,0.0015,500.602
42.1304,0.0015,500.306
42.7057,0.0015,500.065
43.2801,0.0015,499.878
43.8538,0.0015,499.743
44.427,0.0015,499.658
45,0.0015,499.625
45.573,0.0015,499.641
46.1462,0.0015,499.708
46.7199,0.0015,499.826
47.2943,0.0015,499.996
47.8696,0.0015,500.22
48.4461,0.0015,500.501
49.0239,0.0015,500.841
49.6034,0.0015,501.242
50.1849,0.0015,501.708
50.7685,0.0015,502.241
51.3545,0.0015,502.847
51.9433,0.0015,503.527
52.535,0.0015,504.286
53.1301,0.0015,505.128
53.7288,0.0015,506.055
54.3315,0.0015,507.072
54.9384,0.0015,508.182
55.5501,0.0015,509.387
56.1668,0.0015,510.69
56.7891,0.0015,512.094
33.2109,0.0016,510.005
33.8332,0.0016,508.573
34.4499,0.0016,507.242
35.0616,0.0016,506.009
35.6685,0.0016,504.871
36.2712,0.0016,503.825
36.8699,0.0016,502.868
37.465,0.0016,501.997
38.0567,0.0016,501.207
38.6455,0.0016,500.496
39.2315,0.0016,499.859
39.8151,0.0016,499.294
40.3966,0.0016,498.797
40.9761,0.0016,498.365
41.5539,0.0016,497.995
42.1304,0.0016,497.684
42.7057,0.0016,497.431
43.2801,0.0016,497.233
43.8538,0.0016,497.088
44.427,0.0016,496.996
45,0.0016,496.956
45.573,0.0016,496.967
46.1462,0.0016,497.031
46.7199,0.0016,497.147
47.2943,0.0016,497.318
47.8696,0.0016,497.544
48.4461,0.0016,497.827
49.0239,0.0016,498.171
49.6034,0.0016,498.577
50.1849,0.0016,499.048
50.7685,0.0016,499.589
51.3545,0.0016,500.201
51.9433,0.0016,500.889
52.535,0.0016,501.656
53.1301,0.0016,502.506
53.7288,0.0016,503.442
54.3315,0.0016,504.468
54.9384,0.0016,505.586
55.5501,0.0016,506.8
56.1668,0.0016,508.112
56.7891,0.0016,509.526
33.2109,0.00165,509.005
33.8332,0.00165,507.564
34.4499,0.00165,506.225
35.0616,0.00165,504.983
35.6685,0.00165,503.837
36.2712,0.00165,502.783
36.8699,0.00165,501.818
37.465,0.00165,500.939
38.0567,0.00165,500.141
38.6455,0.00165,499.422
39.2315,0.00165,498.779
39.8151,0.00165,498.206
40.3966,0.00165,497.702
40.9761,0.00165,497.264
41.5539,0.00165,496.888
42.1304,0.00165,496.572
42.7057,0.00165,496.313
43.2801,0.00165,496.11
43.8538,0.00165,495.961
44.427,0.00165,495.865
45,0.00165,495.822
45.573,0.00165,495.831
46.1462,0.00165,495.893
46.7199,0.00165,496.008
47.2943,0.00165,496.177
47.8696,0.00165,496.403
48.4461,0.00165,496.686
49.0239,0.00165,497.03
49.6034,0.00165,497.437
50.1849,0.00165,497.909
50.7685,0.00165,498.451
51.3545,0.00165,499.064
51.9433,0.00165,499.754
52.535,0.00165,500.523
53.1301,0.00165,501.375
53.7288,0.00165,502.312
54.3315,0.00165,503.34
54.9384,0.00165,504.46
55.5501,0.00165,505.677
56.1668,0.00165,506.992
56.7891,0.00165,508.408
33.2109,0.0017,508.149
33.8332,0.0017,506.701
34.4499,0.0017,505.354
35.0616,0.0017,504.106
35.6685,0.0017,502.954
36.2712,0.0017,501.894
36.8699,0.0017,500.923
37.465,0.0017,500.037
38.0567,0.0017,499.234
38.6455,0.0017,498.51
39.2315,0.0017,497.86
39.8151,0.0017,497.283
40.3966,0.0017,496.774
40.9761,0.0017,496.33
41.5539,0.0017,495.949
42.1304,0.0017,495.628
42.7057,0.0017,495.365
43.2801,0.0017,495.158
43.8538,0.0017,495.005
44.427,0.0017,494.906
45,0.0017,494.86
45.573,0.0017,494.867
46.1462,0.0017,494.926
46.7199,0.0017,495.039
47.2943,0.0017,495.206
47.8696,0.0017,495.43
48.4461,0.0017,495.712
49.0239,0.0017,496.055
49.6034,0.0017,496.461
50.1849,0.0017,496.933
50.7685,0.0017,497.474
51.3545,0.0017,498.087
51.9433,0.0017,498.776
52.535,0.0017,499.545
53.1301,0.0017,500.396
53.7288,0.0017,501.334
54.3315,0.0017,502.361
54.9384,0.0017,503.482
55.5501,0.0017,504.698
56.1668,0.0017,506.014
56.7891,0.0017,507.431
33.2109,0.00175,507.452
33.8332,0.00175,505.999
34.4499,0.00175,504.647
35.0616,0.00175,503.395
35.6685,0.00175,502.238
36.2712,0.00175,501.174
36.8699,0.00175,500.199
37.465,0.00175,499.309
38.0567,0.00175,498.502
38.6455,0.00175,497.774
39.2315,0.00175,497.121
39.8151,0.00175,496.539
40.3966,0.00175,496.026
40.9761,0.00175,495.579
41.5539,0.00175,495.194
42.1304,0.00175,494.87
42.7057,0.00175,494.603
43.2801,0.00175,494.393
43.8538,0.00175,494.237
44.427,0.00175,494.135
45,0.00175,494.086
45.573,0.00175,494.089
46.1462,0.00175,494.146
46.7199,0.00175,494.256
47.2943,0.00175,494.421
47.8696,0.00175,494.642
48.4461,0.00175,494.922
49.0239,0.00175,495.262
49.6034,0.00175,495.666
50.1849,0.00175,496.135
50.7685,0.00175,496.674
51.3545,0.00175,497.285
51.9433,0.00175,497.971
52.535,0.00175,498.737
53.1301,0.00175,499.586
53.7288,0.00175,500.521
54.3315,0.00175,501.546
54.9384,0.00175,502.664
55.5501,0.00175,503.878
56.1668,0.00175,505.191
56.7891,0.00175,506.607
33.2109,0.0018,506.909
33.8332,0.0018,505.452
34.4499,0.0018,504.098
35.0616,0.0018,502.842
35.6685,0.0018,501.683
36.2712,0.0018,500.617
36.8699,0.0018,499.639
37.465,0.0018,498.748
38.0567,0.0018,497.938
38.6455,0.0018,497.208
39.2315,0.0018,496.552
39.8151,0.0018,495.969
40.3966,0.0018,495.453
40.9761,0.0018,495.003
41.5539,0.0018,494.616
42.1304,0.0018,494.289
42.7057,0.0018,494.02
43.2801,0.0018,493.807
43.8538,0.0018,493.648
44.427,0.0018,493.543
45,0.0018,493.491
45.573,0.0018,493.491
46.1462,0.0018,493.544
46.7199,0.0018,493.651
47.2943,0.0018,493.813
47.8696,0.0018,494.031
48.4461,0.0018,494.307
49.0239,0.0018,494.644
49.6034,0.0018,495.043
50.1849,0.0018,495.509
50.7685,0.0018,496.043
51.3545,0.0018,496.65
51.9433,0.0018,497.332
52.535,0.0018,498.094
53.1301,0.0018,498.938
53.7288,0.0018,499.868
54.3315,0.0018,500.889
54.9384,0.0018,502.002
55.5501,0.0018,503.211
56.1668,0.0018,504.52
56.7891,0.0018,505.931
33.2109,0.00185,506.505
33.8332,0.00185,505.046
34.4499,0.00185,503.689
35.0616,0.00185,502.432
35.6685,0.00185,501.272
36.2712,0.00185,500.204
36.8699,0.00185,499.226
37.465,0.00185,498.334
38.0567,0.00185,497.524
38.6455,0.00185,496.792
39.2315,0.00185,496.135
39.8151,0.00185,495.55
40.3966,0.00185,495.034
40.9761,0.00185,494.582
41.5539,0.00185,494.194
42.1304,0.00185,493.865
42.7057,0.00185,493.593
43.2801,0.00185,493.378
43.8538,0.00185,493.216
44.427,0.00185,493.109
45,0.00185,493.053
45.573,0.00185,493.05
46.1462,0.00185,493.1
46.7199,0.00185,493.204
47.2943,0.00185,493.361
47.8696,0.00185,493.575
48.4461,0.00185,493.847
49.0239,0.00185,494.179
49.6034,0.00185,494.574
50.1849,0.00185,495.034
50.7685,0.00185,495.563
51.3545,0.00185,496.164
51.9433,0.00185,496.84
52.535,0.00185,497.595
53.1301,0.00185,498.433
53.7288,0.00185,499.357
54.3315,0.00185,500.371
54.9384,0.00185,501.478
55.5501,0.00185,502.68
56.1668,0.00185,503.983
56.7891,0.00185,505.388
33.2109,0.0019,506.214
33.8332,0.0019,504.754
34.4499,0.0019,503.396
35.0616,0.0019,502.139
35.6685,0.0019,500.978
36.2712,0.0019,499.911
36.8699,0.0019,498.932
37.465,0.0019,498.04
38.0567,0.0019,497.23
38.6455,0.0019,496.499
39.2315,0.0019,495.842
39.8151,0.0019,495.257
40.3966,0.0019,494.74
40.9761,0.0019,494.288
41.5539,0.0019,493.898
42.1304,0.0019,493.567
42.7057,0.0019,493.294
43.2801,0.0019,493.077
43.8538,0.0019,492.914
44.427,0.0019,492.803
45,0.0019,492.745
45.573,0.0019,492.739
46.1462,0.0019,492.785
46.7199,0.0019,492.884
47.2943,0.0019,493.038
47.8696,0.0019,493.247
48.4461,0.0019,493.513
49.0239,0.0019,493.84
49.6034,0.0019,494.229
50.1849,0.0019,494.683
50.7685,0.0019,495.205
51.3545,0.0019,495.799
51.9433,0.0019,496.468
52.535,0.0019,497.216
53.1301,0.0019,498.046
53.7288,0.0019,498.963
54.3315,0.0019,499.968
54.9384,0.0019,501.067
55.5501,0.0019,502.262
56.1668,0.0019,503.556
56.7891,0.0019,504.953
33.2109,0.00195,506.009
33.8332,0.00195,504.547
34.4499,0.00195,503.189
35.0616,0.00195,501.932
35.6685,0.00195,500.771
36.2712,0.00195,499.704
36.8699,0.00195,498.727
37.465,0.00195,497.835
38.0567,0.00195,497.026
38.6455,0.00195,496.295
39.2315,0.00195,495.639
39.8151,0.00195,495.054
40.3966,0.00195,494.537
40.9761,0.00195,494.084
41.5539,0.00195,493.694
42.1304,0.00195,493.363
42.7057,0.00195,493.089
43.2801,0.00195,492.87
43.8538,0.00195,492.704
44.427,0.00195,492.591
45,0.00195,492.53
45.573,0.00195,492.521
46.1462,0.00195,492.563
46.7199,0.00195,492.658
47.2943,0.00195,492.807
47.8696,0.00195,493.011
48.4461,0.00195,493.272
49.0239,0.00195,493.592
49.6034,0.00195,493.975
50.1849,0.00195,494.422
50.7685,0.00195,494.937
51.3545,0.00195,495.524
51.9433,0.00195,496.185
52.535,0.00195,496.925
53.1301,0.00195,497.746
53.7288,0.00195,498.654
54.3315,0.00195,499.651
54.9384,0.00195,500.741
55.5501,0.00195,501.927
56.1668,0.00195,503.212
56.7891,0.00195,504.6
33.2109,0.002,505.865
33.8332,0.002,504.403
34.4499,0.002,503.044
35.0616,0.002,501.786
35.6685,0.002,500.625
36.2712,0.002,499.559
36.8699,0.002,498.581
37.465,0.002,497.69
38.0567,0.002,496.882
38.6455,0.002,496.151
39.2315,0.002,495.496
39.8151,0.002,494.911
40.3966,0.002,494.394
40.9761,0.002,493.942
41.5539,0.002,493.551
42.1304,0.002,493.219
42.7057,0.002,492.944
43.2801,0.002,492.724
43.8538,0.002,492.556
44.427,0.002,492.441
45,0.002,492.377
45.573,0.002,492.364
46.1462,0.002,492.403
46.7199,0.002,492.494
47.2943,0.002,492.637
47.8696,0.002,492.836
48.4461,0.002,493.091
49.0239,0.002,493.405
49.6034,0.002,493.781
50.1849,0.002,494.221
50.7685,0.002,494.729
51.3545,0.002,495.308
51.9433,0.002,495.961
52.535,0.002,496.692
53.1301,0.002,497.505
53.7288,0.002,498.404
54.3315,0.002,499.392
54.9384,0.002,500.472
55.5501,0.002,501.649
56.1668,0.002,502.926
56.7891,0.002,504.305
33.2109,0.00205,505.748
33.8332,0.00205,504.296
34.4499,0.00205,502.948
35.0616,0.00205,501.693
35.6685,0.00205,500.531
36.2712,0.00205,499.463
36.8699,0.00205,498.486
37.465,0.00205,497.594
38.0567,0.00205,496.786
38.6455,0.00205,496.055
39.2315,0.00205,495.399
39.8151,0.00205,494.815
40.3966,0.00205,494.298
40.9761,0.00205,493.845
41.5539,0.00205,493.453
42.1304,0.00205,493.12
42.7057,0.00205,492.844
43.2801,0.00205,492.621
43.8538,0.00205,492.452
44.427,0.00205,492.334
45,0.00205,492.267
45.573,0.00205,492.251
46.1462,0.00205,492.286
46.7199,0.00205,492.372
47.2943,0.00205,492.511
47.8696,0.00205,492.705
48.4461,0.00205,492.954
49.0239,0.00205,493.262
49.6034,0.00205,493.631
50.1849,0.00205,494.064
50.7685,0.00205,494.565
51.3545,0.00205,495.136
51.9433,0.00205,495.781
52.535,0.00205,496.504
53.1301,0.00205,497.309
53.7288,0.00205,498.199
54.3315,0.00205,499.178
54.9384,0.00205,500.25
55.5501,0.00205,501.418
56.1668,0.00205,502.685
56.7891,0.00205,504.056
33.2109,0.0021,505.634
33.8332,0.0021,504.176
34.4499,0.0021,502.823
35.0616,0.0021,501.571
35.6685,0.0021,500.417
36.2712,0.0021,499.357
36.8699,0.0021,498.387
37.465,0.0021,497.504
38.0567,0.0021,496.704
38.6455,0.0021,495.982
39.2315,0.0021,495.335
39.8151,0.0021,494.76
40.3966,0.0021,494.251
40.9761,0.0021,493.804
41.5539,0.0021,493.411
42.1304,0.0021,493.077
42.7057,0.0021,492.798
43.2801,0.0021,492.574
43.8538,0.0021,492.402
44.427,0.0021,492.281
45,0.0021,492.211
45.573,0.0021,492.191
46.1462,0.0021,492.222
46.7199,0.0021,492.304
47.2943,0.0021,492.438
47.8696,0.0021,492.626
48.4461,0.0021,492.87
49.0239,0.0021,493.172
49.6034,0.0021,493.535
50.1849,0.0021,493.961
50.7685,0.0021,494.454
51.3545,0.0021,495.018
51.9433,0.0021,495.656
52.535,0.0021,496.371
53.1301,0.0021,497.167
53.7288,0.0021,498.049
54.3315,0.0021,499.02
54.9384,0.0021,500.083
55.5501,0.0021,501.243
56.1668,0.0021,502.501
56.7891,0.0021,503.862
33.2109,0.00212222,505.608
33.8332,0.00212222,504.149
34.4499,0.00212222,502.794
35.0616,0.00212222,501.54
35.6685,0.00212222,500.384
36.2712,0.00212222,499.321
36.8699,0.00212222,498.349
37.465,0.00212222,497.464
38.0567,0.00212222,496.66
38.6455,0.00212222,495.936
39.2315,0.00212222,495.287
39.8151,0.00212222,494.708
40.3966,0.00212222,494.197
40.9761,0.00212222,493.751
41.5539,0.00212222,493.365
42.1304,0.00212222,493.038
42.7057,0.00212222,492.766
43.2801,0.00212222,492.548
43.8538,0.00212222,492.382
44.427,0.00212222,492.267
45,0.00212222,492.202
45.573,0.00212222,492.186
46.1462,0.00212222,492.217
46.7199,0.00212222,492.297
47.2943,0.00212222,492.429
47.8696,0.00212222,492.615
48.4461,0.00212222,492.856
49.0239,0.00212222,493.156
49.6034,0.00212222,493.515
50.1849,0.00212222,493.939
50.7685,0.00212222,494.429
51.3545,0.00212222,494.989
51.9433,0.00212222,495.624
52.535,0.00212222,496.335
53.1301,0.00212222,497.128
53.7288,0.00212222,498.006
54.3315,0.00212222,498.973
54.9384,0.00212222,500.033
55.5501,0.00212222,501.188
56.1668,0.00212222,502.443
56.7891,0.00212222,503.8
33.2109,0.00214444,505.6
33.8332,0.00214444,504.14
34.4499,0.00214444,502.783
35.0616,0.00214444,501.528
35.6685,0.00214444,500.369
36.2712,0.00214444,499.305
36.8699,0.00214444,498.331
37.465,0.00214444,497.443
38.0567,0.00214444,496.637
38.6455,0.00214444,495.911
39.2315,0.00214444,495.259
39.8151,0.00214444,494.678
40.3966,0.00214444,494.165
40.9761,0.00214444,493.716
41.5539,0.00214444,493.328
42.1304,0.00214444,492.999
42.7057,0.00214444,492.725
43.2801,0.00214444,492.505
43.8538,0.00214444,492.337
44.427,0.00214444,492.22
45,0.00214444,492.153
45.573,0.00214444,492.136
46.1462,0.00214444,492.169
46.7199,0.00214444,492.252
47.2943,0.00214444,492.387
47.8696,0.00214444,492.576
48.4461,0.00214444,492.819
49.0239,0.00214444,493.119
49.6034,0.00214444,493.48
50.1849,0.00214444,493.904
50.7685,0.00214444,494.393
51.3545,0.00214444,494.953
51.9433,0.00214444,495.586
52.535,0.00214444,496.296
53.1301,0.00214444,497.087
53.7288,0.00214444,497.963
54.3315,0.00214444,498.927
54.9384,0.00214444,499.983
55.5501,0.00214444,501.135
56.1668,0.00214444,502.386
56.7891,0.00214444,503.739
33.2109,0.00216667,505.609
33.8332,0.00216667,504.148
34.4499,0.00216667,502.791
35.0616,0.00216667,501.534
35.6685,0.00216667,500.374
36.2712,0.00216667,499.308
36.8699,0.00216667,498.332
37.465,0.00216667,497.443
38.0567,0.00216667,496.635
38.6455,0.00216667,495.907
39.2315,0.00216667,495.253
39.8151,0.00216667,494.67
40.3966,0.00216667,494.155
40.9761,0.00216667,493.704
41.5539,0.00216667,493.314
42.1304,0.00216667,492.982
42.7057,0.00216667,492.707
43.2801,0.00216667,492.485
43.8538,0.00216667,492.315
44.427,0.00216667,492.197
45,0.00216667,492.128
45.573,0.00216667,492.11
46.1462,0.00216667,492.141
46.7199,0.00216667,492.223
47.2943,0.00216667,492.357
47.8696,0.00216667,492.543
48.4461,0.00216667,492.785
49.0239,0.00216667,493.085
49.6034,0.00216667,493.444
50.1849,0.00216667,493.866
50.7685,0.00216667,494.355
51.3545,0.00216667,494.913
51.9433,0.00216667,495.545
52.535,0.00216667,496.253
53.1301,0.00216667,497.042
53.7288,0.00216667,497.916
54.3315,0.00216667,498.878
54.9384,0.00216667,499.931
55.5501,0.00216667,501.08
56.1668,0.00216667,502.328
56.7891,0.00216667,503.678
33.2109,0.00218889,505.636
33.8332,0.00218889,504.174
34.4499,0.00218889,502.817
35.0616,0.00218889,501.559
35.6685,0.00218889,500.399
36.2712,0.00218889,499.332
36.8699,0.00218889,498.354
37.465,0.00218889,497.463
38.0567,0.00218889,496.655
38.6455,0.00218889,495.924
39.2315,0.00218889,495.269
39.8151,0.00218889,494.684
40.3966,0.00218889,494.167
40.9761,0.00218889,493.714
41.5539,0.00218889,493.323
42.1304,0.00218889,492.989
42.7057,0.00218889,492.712
43.2801,0.00218889,492.488
43.8538,0.00218889,492.317
44.427,0.00218889,492.197
45,0.00218889,492.127
45.573,0.00218889,492.106
46.1462,0.00218889,492.136
46.7199,0.00218889,492.217
47.2943,0.00218889,492.349
47.8696,0.00218889,492.535
48.4461,0.00218889,492.775
49.0239,0.00218889,493.073
49.6034,0.00218889,493.431
50.1849,0.00218889,493.852
50.7685,0.00218889,494.339
51.3545,0.00218889,494.895
51.9433,0.00218889,495.524
52.535,0.00218889,496.231
53.1301,0.00218889,497.018
53.7288,0.00218889,497.889
54.3315,0.00218889,498.848
54.9384,0.00218889,499.899
55.5501,0.00218889,501.045
56.1668,0.00218889,502.289
56.7891,0.00218889,503.635
33.2109,0.00221111,505.681
33.8332,0.00221111,504.22
34.4499,0.00221111,502.862
35.0616,0.00221111,501.604
35.6685,0.00221111,500.443
36.2712,0.00221111,499.376
36.8699,0.00221111,498.398
37.465,0.00221111,497.506
38.0567,0.00221111,496.696
38.6455,0.00221111,495.964
39.2315,0.00221111,495.307
39.8151,0.00221111,494.721
40.3966,0.00221111,494.202
40.9761,0.00221111,493.748
41.5539,0.00221111,493.355
42.1304,0.00221111,493.02
42.7057,0.00221111,492.741
43.2801,0.00221111,492.516
43.8538,0.00221111,492.343
44.427,0.00221111,492.221
45,0.00221111,492.149
45.573,0.00221111,492.128
46.1462,0.00221111,492.156
46.7199,0.00221111,492.235
47.2943,0.00221111,492.366
47.8696,0.00221111,492.549
48.4461,0.00221111,492.788
49.0239,0.00221111,493.084
49.6034,0.00221111,493.441
50.1849,0.00221111,493.86
50.7685,0.00221111,494.345
51.3545,0.00221111,494.899
51.9433,0.00221111,495.526
52.535,0.00221111,496.23
53.1301,0.00221111,497.014
53.7288,0.00221111,497.882
54.3315,0.00221111,498.838
54.9384,0.00221111,499.886
55.5501,0.00221111,501.028
56.1668,0.00221111,502.268
56.7891,0.00221111,503.61
33.2109,0.00223333,505.742
33.8332,0.00223333,504.282
34.4499,0.00223333,502.925
35.0616,0.00223333,501.667
35.6685,0.00223333,500.506
36.2712,0.00223333,499.438
36.8699,0.00223333,498.46
37.465,0.00223333,497.567
38.0567,0.00223333,496.756
38.6455,0.00223333,496.024
39.2315,0.00223333,495.366
39.8151,0.00223333,494.778
40.3966,0.00223333,494.259
40.9761,0.00223333,493.803
41.5539,0.00223333,493.408
42.1304,0.00223333,493.072
42.7057,0.00223333,492.791
43.2801,0.00223333,492.565
43.8538,0.00223333,492.39
44.427,0.00223333,492.267
45,0.00223333,492.194
45.573,0.00223333,492.17
46.1462,0.00223333,492.197
46.7199,0.00223333,492.275
47.2943,0.00223333,492.404
47.8696,0.00223333,492.586
48.4461,0.00223333,492.823
49.0239,0.00223333,493.117
49.6034,0.00223333,493.471
50.1849,0.00223333,493.888
50.7685,0.00223333,494.371
51.3545,0.00223333,494.923
51.9433,0.00223333,495.547
52.535,0.00223333,496.248
53.1301,0.00223333,497.03
53.7288,0.00223333,497.894
54.3315,0.00223333,498.847
54.9384,0.00223333,499.89
55.5501,0.00223333,501.029
56.1668,0.00223333,502.265
56.7891,0.00223333,503.601
33.2109,0.00225556,505.82
33.8332,0.00225556,504.361
34.4499,0.00225556,503.004
35.0616,0.00225556,501.747
35.6685,0.00225556,500.586
36.2712,0.00225556,499.518
36.8699,0.00225556,498.54
37.465,0.00225556,497.647
38.0567,0.00225556,496.836
38.6455,0.00225556,496.103
39.2315,0.00225556,495.444
39.8151,0.00225556,494.856
40.3966,0.00225556,494.335
40.9761,0.00225556,493.878
41.5539,0.00225556,493.482
42.1304,0.00225556,493.145
42.7057,0.00225556,492.863
43.2801,0.00225556,492.635
43.8538,0.00225556,492.459
44.427,0.00225556,492.334
45,0.00225556,492.26
45.573,0.00225556,492.235
46.1462,0.00225556,492.26
46.7199,0.00225556,492.336
47.2943,0.00225556,492.463
47.8696,0.00225556,492.643
48.4461,0.00225556,492.878
49.0239,0.00225556,493.17
49.6034,0.00225556,493.522
50.1849,0.00225556,493.937
50.7685,0.00225556,494.417
51.3545,0.00225556,494.966
51.9433,0.00225556,495.588
52.535,0.00225556,496.286
53.1301,0.00225556,497.064
53.7288,0.00225556,497.925
54.3315,0.00225556,498.874
54.9384,0.00225556,499.913
55.5501,0.00225556,501.046
56.1668,0.00225556,502.278
56.7891,0.00225556,503.609
33.2109,0.00227778,505.913
33.8332,0.00227778,504.455
34.4499,0.00227778,503.099
35.0616,0.00227778,501.843
35.6685,0.00227778,500.683
36.2712,0.00227778,499.616
36.8699,0.00227778,498.637
37.465,0.00227778,497.744
38.0567,0.00227778,496.933
38.6455,0.00227778,496.2
39.2315,0.00227778,495.54
39.8151,0.00227778,494.952
40.3966,0.00227778,494.43
40.9761,0.00227778,493.973
41.5539,0.00227778,493.576
42.1304,0.00227778,493.237
42.7057,0.00227778,492.954
43.2801,0.00227778,492.725
43.8538,0.00227778,492.548
44.427,0.00227778,492.422
45,0.00227778,492.345
45.573,0.00227778,492.319
46.1462,0.00227778,492.342
46.7199,0.00227778,492.416
47.2943,0.00227778,492.542
47.8696,0.00227778,492.72
48.4461,0.00227778,492.953
49.0239,0.00227778,493.243
49.6034,0.00227778,493.593
50.1849,0.00227778,494.005
50.7685,0.00227778,494.482
51.3545,0.00227778,495.028
51.9433,0.00227778,495.647
52.535,0.00227778,496.341
53.1301,0.00227778,497.115
53.7288,0.00227778,497.973
54.3315,0.00227778,498.917
54.9384,0.00227778,499.952
55.5501,0.00227778,501.08
56.1668,0.00227778,502.306
56.7891,0.00227778,503.633
33.2109,0.0023,506.019
33.8332,0.0023,504.563
34.4499,0.0023,503.209
35.0616,0.0023,501.954
35.6685,0.0023,500.795
36.2712,0.0023,499.729
36.8699,0.0023,498.751
37.465,0.0023,497.859
38.0567,0.0023,497.047
38.6455,0.0023,496.314
39.2315,0.0023,495.655
39.8151,0.0023,495.066
40.3966,0.0023,494.543
40.9761,0.0023,494.085
41.5539,0.0023,493.688
42.1304,0.0023,493.348
42.7057,0.0023,493.064
43.2801,0.0023,492.834
43.8538,0.0023,492.655
44.427,0.0023,492.528
45,0.0023,492.45
45.573,0.0023,492.422
46.1462,0.0023,492.444
46.7199,0.0023,492.516
47.2943,0.0023,492.639
47.8696,0.0023,492.815
48.4461,0.0023,493.046
49.0239,0.0023,493.334
49.6034,0.0023,493.681
50.1849,0.0023,494.09
50.7685,0.0023,494.564
51.3545,0.0023,495.107
51.9433,0.0023,495.723
52.535,0.0023,496.413
53.1301,0.0023,497.183
53.7288,0.0023,498.036
54.3315,0.0023,498.976
54.9384,0.0023,500.006
55.5501,0.0023,501.13
56.1668,0.0023,502.35
56.7891,0.0023,503.67
33.2109,0.00235,506.303
33.8332,0.00235,504.852
34.4499,0.00235,503.502
35.0616,0.00235,502.251
35.6685,0.00235,501.096
36.2712,0.00235,500.032
36.8699,0.00235,499.057
37.465,0.00235,498.166
38.0567,0.00235,497.356
38.6455,0.00235,496.624
39.2315,0.00235,495.965
39.8151,0.00235,495.376
40.3966,0.00235,494.853
40.9761,0.00235,494.394
41.5539,0.00235,493.995
42.1304,0.00235,493.654
42.7057,0.00235,493.368
43.2801,0.00235,493.136
43.8538,0.00235,492.955
44.427,0.00235,492.825
45,0.00235,492.744
45.573,0.00235,492.712
46.1462,0.00235,492.73
46.7199,0.00235,492.798
47.2943,0.00235,492.917
47.8696,0.00235,493.088
48.4461,0.00235,493.313
49.0239,0.00235,493.595
49.6034,0.00235,493.936
50.1849,0.00235,494.338
50.7685,0.00235,494.805
51.3545,0.00235,495.34
51.9433,0.00235,495.947
52.535,0.00235,496.629
53.1301,0.00235,497.389
53.7288,0.00235,498.231
54.3315,0.00235,499.16
54.9384,0.00235,500.178
55.5501,0.00235,501.289
56.1668,0.00235,502.496
56.7891,0.00235,503.802
33.2109,0.00240556,506.681
33.8332,0.00240556,505.238
34.4499,0.00240556,503.895
35.0616,0.00240556,502.65
35.6685,0.00240556,501.5
36.2712,0.00240556,500.441
36.8699,0.00240556,499.47
37.465,0.00240556,498.582
38.0567,0.00240556,497.775
38.6455,0.00240556,497.045
39.2315,0.00240556,496.388
39.8151,0.00240556,495.8
40.3966,0.00240556,495.278
40.9761,0.00240556,494.819
41.5539,0.00240556,494.42
42.1304,0.00240556,494.078
42.7057,0.00240556,493.79
43.2801,0.00240556,493.556
43.8538,0.00240556,493.373
44.427,0.00240556,493.239
45,0.00240556,493.155
45.573,0.00240556,493.12
46.1462,0.00240556,493.133
46.7199,0.00240556,493.196
47.2943,0.00240556,493.31
47.8696,0.00240556,493.475
48.4461,0.00240556,493.694
49.0239,0.00240556,493.969
49.6034,0.00240556,494.302
50.1849,0.00240556,494.696
50.7685,0.00240556,495.154
51.3545,0.00240556,495.679
51.9433,0.00240556,496.275
52.535,0.00240556,496.946
53.1301,0.00240556,497.694
53.7288,0.00240556,498.524
54.3315,0.00240556,499.438
54.9384,0.00240556,500.442
55.5501,0.00240556,501.537
56.1668,0.00240556,502.728
56.7891,0.00240556,504.017
33.2109,0.00246111,507.121
33.8332,0.00246111,505.686
34.4499,0.00246111,504.351
35.0616,0.00246111,503.113
35.6685,0.00246111,501.97
36.2712,0.00246111,500.917
36.8699,0.00246111,499.951
37.465,0.00246111,499.068
38.0567,0.00246111,498.265
38.6455,0.00246111,497.538
39.2315,0.00246111,496.883
39.8151,0.00246111,496.298
40.3966,0.00246111,495.777
40.9761,0.00246111,495.319
41.5539,0.00246111,494.92
42.1304,0.00246111,494.578
42.7057,0.00246111,494.29
43.2801,0.00246111,494.054
43.8538,0.00246111,493.868
44.427,0.00246111,493.733
45,0.00246111,493.645
45.573,0.00246111,493.606
46.1462,0.00246111,493.615
46.7199,0.00246111,493.673
47.2943,0.00246111,493.781
47.8696,0.00246111,493.941
48.4461,0.00246111,494.153
49.0239,0.00246111,494.42
49.6034,0.00246111,494.745
50.1849,0.00246111,495.13
50.7685,0.00246111,495.578
51.3545,0.00246111,496.093
51.9433,0.00246111,496.678
52.535,0.00246111,497.336
53.1301,0.00246111,498.071
53.7288,0.00246111,498.887
54.3315,0.00246111,499.787
54.9384,0.00246111,500.775
55.5501,0.00246111,501.854
56.1668,0.00246111,503.027
56.7891,0.00246111,504.298
33.2109,0.00251667,507.615
33.8332,0.00251667,506.19
34.4499,0.00251667,504.864
35.0616,0.00251667,503.635
35.6685,0.00251667,502.499
36.2712,0.00251667,501.453
36.8699,0.00251667,500.493
37.465,0.00251667,499.616
38.0567,0.00251667,498.818
38.6455,0.00251667,498.095
39.2315,0.00251667,497.444
39.8151,0.00251667,496.861
40.3966,0.00251667,496.343
40.9761,0.00251667,495.886
41.5539,0.00251667,495.488
42.1304,0.00251667,495.146
42.7057,0.00251667,494.857
43.2801,0.00251667,494.62
43.8538,0.00251667,494.433
44.427,0.00251667,494.295
45,0.00251667,494.205
45.573,0.00251667,494.162
46.1462,0.00251667,494.167
46.7199,0.00251667,494.22
47.2943,0.00251667,494.322
47.8696,0.00251667,494.475
48.4461,0.00251667,494.68
49.0239,0.00251667,494.939
49.6034,0.00251667,495.256
50.1849,0.00251667,495.631
50.7685,0.00251667,496.069
51.3545,0.00251667,496.573
51.9433,0.00251667,497.146
52.535,0.00251667,497.792
53.1301,0.00251667,498.514
53.7288,0.00251667,499.315
54.3315,0.00251667,500.2
54.9384,0.00251667,501.171
55.5501,0.00251667,502.233
56.1668,0.00251667,503.388
56.7891,0.00251667,504.639
33.2109,0.00257222,508.157
33.8332,0.00257222,506.742
34.4499,0.00257222,505.426
35.0616,0.00257222,504.206
35.6685,0.00257222,503.078
36.2712,0.00257222,502.04
36.8699,0.00257222,501.087
37.465,0.00257222,500.216
38.0567,0.00257222,499.423
38.6455,0.00257222,498.705
39.2315,0.00257222,498.058
39.8151,0.00257222,497.478
40.3966,0.00257222,496.963
40.9761,0.00257222,496.508
41.5539,0.00257222,496.111
42.1304,0.00257222,495.769
42.7057,0.00257222,495.481
43.2801,0.00257222,495.243
43.8538,0.00257222,495.054
44.427,0.00257222,494.914
45,0.00257222,494.821
45.573,0.00257222,494.774
46.1462,0.00257222,494.775
46.7199,0.00257222,494.823
47.2943,0.00257222,494.919
47.8696,0.00257222,495.066
48.4461,0.00257222,495.263
49.0239,0.00257222,495.514
49.6034,0.00257222,495.822
50.1849,0.00257222,496.188
50.7685,0.00257222,496.615
51.3545,0.00257222,497.108
51.9433,0.00257222,497.668
52.535,0.00257222,498.301
53.1301,0.00257222,499.008
53.7288,0.00257222,499.795
54.3315,0.00257222,500.663
54.9384,0.00257222,501.618
55.5501,0.00257222,502.662
56.1668,0.00257222,503.797
56.7891,0.00257222,505.029
33.2109,0.00262778,508.737
33.8332,0.00262778,507.333
34.4499,0.00262778,506.027
35.0616,0.00262778,504.816
35.6685,0.00262778,503.697
36.2712,0.00262778,502.666
36.8699,0.00262778,501.721
37.465,0.00262778,500.856
38.0567,0.00262778,500.069
38.6455,0.00262778,499.356
39.2315,0.00262778,498.713
39.8151,0.00262778,498.137
40.3966,0.00262778,497.625
40.9761,0.00262778,497.172
41.5539,0.00262778,496.777
42.1304,0.00262778,496.436
42.7057,0.00262778,496.147
43.2801,0.00262778,495.908
43.8538,0.00262778,495.718
44.427,0.00262778,495.576
45,0.00262778,495.479
45.573,0.00262778,495.429
46.1462,0.00262778,495.425
46.7199,0.00262778,495.468
47.2943,0.00262778,495.559
47.8696,0.00262778,495.698
48.4461,0.00262778,495.888
49.0239,0.00262778,496.131
49.6034,0.00262778,496.429
50.1849,0.00262778,496.785
50.7685,0.00262778,497.201
51.3545,0.00262778,497.682
51.9433,0.00262778,498.23
52.535,0.00262778,498.849
53.1301,0.00262778,499.542
53.7288,0.00262778,500.313
54.3315,0.00262778,501.165
54.9384,0.00262778,502.102
55.5501,0.00262778,503.128
56.1668,0.00262778,504.244
56.7891,0.00262778,505.455
33.2109,0.00268333,509.34
33.8332,0.00268333,507.946
34.4499,0.00268333,506.65
35.0616,0.00268333,505.448
35.6685,0.00268333,504.338
36.2712,0.00268333,503.315
36.8699,0.00268333,502.377
37.465,0.00268333,501.519
38.0567,0.00268333,500.738
38.6455,0.00268333,500.03
39.2315,0.00268333,499.391
39.8151,0.00268333,498.819
40.3966,0.00268333,498.309
40.9761,0.00268333,497.858
41.5539,0.00268333,497.464
42.1304,0.00268333,497.124
42.7057,0.00268333,496.835
43.2801,0.00268333,496.596
43.8538,0.00268333,496.404
44.427,0.00268333,496.259
45,0.00268333,496.16
45.573,0.00268333,496.106
46.1462,0.00268333,496.098
46.7199,0.00268333,496.135
47.2943,0.00268333,496.219
47.8696,0.00268333,496.352
48.4461,0.00268333,496.534
49.0239,0.00268333,496.768
49.6034,0.00268333,497.057
50.1849,0.00268333,497.402
50.7685,0.00268333,497.808
51.3545,0.00268333,498.277
51.9433,0.00268333,498.812
52.535,0.00268333,499.417
53.1301,0.00268333,500.095
53.7288,0.00268333,500.85
54.3315,0.00268333,501.686
54.9384,0.00268333,502.606
55.5501,0.00268333,503.613
56.1668,0.00268333,504.71
56.7891,0.00268333,505.9
33.2109,0.00273889,509.95
33.8332,0.00273889,508.567
34.4499,0.00273889,507.28
35.0616,0.00273889,506.087
35.6685,0.00273889,504.985
36.2712,0.00273889,503.97
36.8699,0.00273889,503.039
37.465,0.00273889,502.187
38.0567,0.00273889,501.411
38.6455,0.00273889,500.708
39.2315,0.00273889,500.073
39.8151,0.00273889,499.504
40.3966,0.00273889,498.997
40.9761,0.00273889,498.548
41.5539,0.00273889,498.156
42.1304,0.00273889,497.816
42.7057,0.00273889,497.527
43.2801,0.00273889,497.287
43.8538,0.00273889,497.093
44.427,0.00273889,496.946
45,0.00273889,496.843
45.573,0.00273889,496.786
46.1462,0.00273889,496.772
46.7199,0.00273889,496.804
47.2943,0.00273889,496.882
47.8696,0.00273889,497.008
48.4461,0.00273889,497.182
49.0239,0.00273889,497.408
49.6034,0.00273889,497.687
50.1849,0.00273889,498.022
50.7685,0.00273889,498.417
51.3545,0.00273889,498.873
51.9433,0.00273889,499.396
52.535,0.00273889,499.987
53.1301,0.00273889,500.65
53.7288,0.00273889,501.39
54.3315,0.00273889,502.209
54.9384,0.00273889,503.112
55.5501,0.00273889,504.1
56.1668,0.00273889,505.178
56.7891,0.00273889,506.348
33.2109,0.00279444,510.569
33.8332,0.00279444,509.196
34.4499,0.00279444,507.919
35.0616,0.00279444,506.735
35.6685,0.00279444,505.641
36.2712,0.00279444,504.634
36.8699,0.00279444,503.709
37.465,0.00279444,502.863
38.0567,0.00279444,502.093
38.6455,0.00279444,501.394
39.2315,0.00279444,500.764
39.8151,0.00279444,500.198
40.3966,0.00279444,499.693
40.9761,0.00279444,499.247
41.5539,0.00279444,498.855
42.1304,0.00279444,498.516
42.7057,0.00279444,498.226
43.2801,0.00279444,497.985
43.8538,0.00279444,497.79
44.427,0.00279444,497.64
45,0.00279444,497.534
45.573,0.00279444,497.472
46.1462,0.00279444,497.454
46.7199,0.00279444,497.481
47.2943,0.00279444,497.552
47.8696,0.00279444,497.671
48.4461,0.00279444,497.837
49.0239,0.00279444,498.054
49.6034,0.00279444,498.323
50.1849,0.00279444,498.648
50.7685,0.00279444,499.031
51.3545,0.00279444,499.476
51.9433,0.00279444,499.985
52.535,0.00279444,500.562
53.1301,0.00279444,501.211
53.7288,0.00279444,501.935
54.3315,0.00279444,502.738
54.9384,0.00279444,503.623
55.5501,0.00279444,504.593
56.1668,0.00279444,505.651
56.7891,0.00279444,506.802
33.2109,0.00285,511.209
33.8332,0.00285,509.847
34.4499,0.00285,508.58
35.0616,0.00285,507.406
35.6685,0.00285,506.32
36.2712,0.00285,505.32
36.8699,0.00285,504.403
37.465,0.00285,503.563
38.0567,0.00285,502.799
38.6455,0.00285,502.105
39.2315,0.00285,501.479
39.8151,0.00285,500.917
40.3966,0.00285,500.415
40.9761,0.00285,499.97
41.5539,0.00285,499.58
42.1304,0.00285,499.241
42.7057,0.00285,498.952
43.2801,0.00285,498.709
43.8538,0.00285,498.512
44.427,0.00285,498.36
45,0.00285,498.251
45.573,0.00285,498.185
46.1462,0.00285,498.162
46.7199,0.00285,498.183
47.2943,0.00285,498.248
47.8696,0.00285,498.359
48.4461,0.00285,498.517
49.0239,0.00285,498.725
49.6034,0.00285,498.984
50.1849,0.00285,499.298
50.7685,0.00285,499.67
51.3545,0.00285,500.102
51.9433,0.00285,500.597
52.535,0.00285,501.16
53.1301,0.00285,501.794
53.7288,0.00285,502.502
54.3315,0.00285,503.288
54.9384,0.00285,504.155
55.5501,0.00285,505.106
56.1668,0.00285,506.145
56.7891,0.00285,507.274
33.2109,0.0029,511.814
33.8332,0.0029,510.462
34.4499,0.0029,509.205
35.0616,0.0029,508.04
35.6685,0.0029,506.962
36.2712,0.0029,505.97
36.8699,0.0029,505.06
37.465,0.0029,504.227
38.0567,0.0029,503.468
38.6455,0.0029,502.779
39.2315,0.0029,502.157
39.8151,0.0029,501.598
40.3966,0.0029,501.099
40.9761,0.0029,500.657
41.5539,0.0029,500.268
42.1304,0.0029,499.929
42.7057,0.0029,499.64
43.2801,0.0029,499.397
43.8538,0.0029,499.198
44.427,0.0029,499.043
45,0.0029,498.931
45.573,0.0029,498.862
46.1462,0.0029,498.834
46.7199,0.0029,498.849
47.2943,0.0029,498.908
47.8696,0.0029,499.012
48.4461,0.0029,499.163
49.0239,0.0029,499.362
49.6034,0.0029,499.613
50.1849,0.0029,499.917
50.7685,0.0029,500.277
51.3545,0.0029,500.697
51.9433,0.0029,501.181
52.535,0.0029,501.73
53.1301,0.0029,502.35
53.7288,0.0029,503.043
54.3315,0.0029,503.812
54.9384,0.0029,504.662
55.5501,0.0029,505.596
56.1668,0.0029,506.616
56.7891,0.0029,507.727
33.2109,0.00302222,513.417
33.8332,0.00302222,512.094
34.4499,0.00302222,510.864
35.0616,0.00302222,509.723
35.6685,0.00302222,508.67
36.2712,0.00302222,507.699
36.8699,0.00302222,506.808
37.465,0.00302222,505.993
38.0567,0.00302222,505.25
38.6455,0.00302222,504.575
39.2315,0.00302222,503.966
39.8151,0.00302222,503.417
40.3966,0.00302222,502.927
40.9761,0.00302222,502.491
41.5539,0.00302222,502.106
42.1304,0.00302222,501.771
42.7057,0.00302222,501.482
43.2801,0.00302222,501.237
43.8538,0.00302222,501.035
44.427,0.00302222,500.875
45,0.00302222,500.756
45.573,0.00302222,500.676
46.1462,0.00302222,500.637
46.7199,0.00302222,500.639
47.2943,0.00302222,500.682
47.8696,0.00302222,500.768
48.4461,0.00302222,500.899
49.0239,0.00302222,501.076
49.6034,0.00302222,501.302
50.1849,0.00302222,501.579
50.7685,0.00302222,501.911
51.3545,0.00302222,502.301
51.9433,0.00302222,502.751
52.535,0.00302222,503.266
53.1301,0.00302222,503.848
53.7288,0.00302222,504.501
54.3315,0.00302222,505.229
54.9384,0.00302222,506.036
55.5501,0.00302222,506.923
56.1668,0.00302222,507.896
56.7891,0.00302222,508.955
33.2109,0.00314444,515.252
33.8332,0.00314444,513.963
34.4499,0.00314444,512.765
35.0616,0.00314444,511.656
35.6685,0.00314444,510.631
36.2712,0.00314444,509.687
36.8699,0.00314444,508.82
37.465,0.00314444,508.027
38.0567,0.00314444,507.305
38.6455,0.00314444,506.648
39.2315,0.00314444,506.054
39.8151,0.00314444,505.519
40.3966,0.00314444,505.04
40.9761,0.00314444,504.613
41.5539,0.00314444,504.235
42.1304,0.00314444,503.904
42.7057,0.00314444,503.617
43.2801,0.00314444,503.373
43.8538,0.00314444,503.168
44.427,0.00314444,503.003
45,0.00314444,502.876
45.573,0.00314444,502.787
46.1462,0.00314444,502.736
46.7199,0.00314444,502.723
47.2943,0.00314444,502.749
47.8696,0.00314444,502.815
48.4461,0.00314444,502.924
49.0239,0.00314444,503.076
49.6034,0.00314444,503.275
50.1849,0.00314444,503.523
50.7685,0.00314444,503.823
51.3545,0.00314444,504.178
51.9433,0.00314444,504.592
52.535,0.00314444,505.067
53.1301,0.00314444,505.608
53.7288,0.00314444,506.217
54.3315,0.00314444,506.899
54.9384,0.00314444,507.657
55.5501,0.00314444,508.493
56.1668,0.00314444,509.412
56.7891,0.00314444,510.416
33.2109,0.00326667,517.25
33.8332,0.00326667,516
34.4499,0.00326667,514.84
35.0616,0.00326667,513.765
35.6685,0.00326667,512.772
36.2712,0.00326667,511.858
36.8699,0.00326667,511.019
37.465,0.00326667,510.252
38.0567,0.00326667,509.552
38.6455,0.00326667,508.916
39.2315,0.00326667,508.34
39.8151,0.00326667,507.821
40.3966,0.00326667,507.354
40.9761,0.00326667,506.938
41.5539,0.00326667,506.568
42.1304,0.00326667,506.242
42.7057,0.00326667,505.958
43.2801,0.00326667,505.713
43.8538,0.00326667,505.506
44.427,0.00326667,505.336
45,0.00326667,505.201
45.573,0.00326667,505.102
46.1462,0.00326667,505.037
46.7199,0.00326667,505.008
47.2943,0.00326667,505.016
47.8696,0.00326667,505.061
48.4461,0.00326667,505.146
49.0239,0.00326667,505.272
49.6034,0.00326667,505.441
50.1849,0.00326667,505.658
50.7685,0.00326667,505.923
51.3545,0.00326667,506.241
51.9433,0.00326667,506.614
52.535,0.00326667,507.047
53.1301,0.00326667,507.542
53.7288,0.00326667,508.104
54.3315,0.00326667,508.736
54.9384,0.00326667,509.441
55.5501,0.00326667,510.222
56.1668,0.00326667,511.084
56.7891,0.00326667,512.028
33.2109,0.00338889,519.242
33.8332,0.00338889,518.032
34.4499,0.00338889,516.909
35.0616,0.00338889,515.869
35.6685,0.00338889,514.908
36.2712,0.00338889,514.024
36.8699,0.00338889,513.213
37.465,0.00338889,512.471
38.0567,0.00338889,511.794
38.6455,0.00338889,511.178
39.2315,0.00338889,510.62
39.8151,0.00338889,510.116
40.3966,0.00338889,509.662
40.9761,0.00338889,509.256
41.5539,0.00338889,508.893
42.1304,0.00338889,508.573
42.7057,0.00338889,508.291
43.2801,0.00338889,508.046
43.8538,0.00338889,507.836
44.427,0.00338889,507.661
45,0.00338889,507.518
45.573,0.00338889,507.407
46.1462,0.00338889,507.329
46.7199,0.00338889,507.284
47.2943,0.00338889,507.273
47.8696,0.00338889,507.297
48.4461,0.00338889,507.357
49.0239,0.00338889,507.456
49.6034,0.00338889,507.596
50.1849,0.00338889,507.78
50.7685,0.00338889,508.01
51.3545,0.00338889,508.29
51.9433,0.00338889,508.623
52.535,0.00338889,509.013
53.1301,0.00338889,509.463
53.7288,0.00338889,509.977
54.3315,0.00338889,510.558
54.9384,0.00338889,511.209
55.5501,0.00338889,511.936
56.1668,0.00338889,512.739
56.7891,0.00338889,513.623
33.2109,0.00351111,521.218
33.8332,0.00351111,520.047
34.4499,0.00351111,518.96
35.0616,0.00351111,517.954
35.6685,0.00351111,517.025
36.2712,0.00351111,516.171
36.8699,0.00351111,515.387
37.465,0.00351111,514.669
38.0567,0.00351111,514.015
38.6455,0.00351111,513.419
39.2315,0.00351111,512.878
39.8151,0.00351111,512.389
40.3966,0.00351111,511.948
40.9761,0.00351111,511.551
41.5539,0.00351111,511.197
42.1304,0.00351111,510.881
42.7057,0.00351111,510.602
43.2801,0.00351111,510.357
43.8538,0.00351111,510.144
44.427,0.00351111,509.963
45,0.00351111,509.813
45.573,0.00351111,509.692
46.1462,0.00351111,509.601
46.7199,0.00351111,509.54
47.2943,0.00351111,509.51
47.8696,0.00351111,509.513
48.4461,0.00351111,509.55
49.0239,0.00351111,509.623
49.6034,0.00351111,509.734
50.1849,0.00351111,509.886
50.7685,0.00351111,510.082
51.3545,0.00351111,510.326
51.9433,0.00351111,510.62
52.535,0.00351111,510.968
53.1301,0.00351111,511.373
53.7288,0.00351111,511.84
54.3315,0.00351111,512.372
54.9384,0.00351111,512.972
55.5501,0.00351111,513.644
56.1668,0.00351111,514.392
56.7891,0.00351111,515.218
33.2109,0.00363333,523.171
33.8332,0.00363333,522.038
34.4499,0.00363333,520.987
35.0616,0.00363333,520.014
35.6685,0.00363333,519.117
36.2712,0.00363333,518.291
36.8699,0.00363333,517.533
37.465,0.00363333,516.84
38.0567,0.00363333,516.206
38.6455,0.00363333,515.63
39.2315,0.00363333,515.106
39.8151,0.00363333,514.631
40.3966,0.00363333,514.202
40.9761,0.00363333,513.815
41.5539,0.00363333,513.468
42.1304,0.00363333,513.157
42.7057,0.00363333,512.88
43.2801,0.00363333,512.635
43.8538,0.00363333,512.42
44.427,0.00363333,512.234
45,0.00363333,512.075
45.573,0.00363333,511.944
46.1462,0.00363333,511.841
46.7199,0.00363333,511.765
47.2943,0.00363333,511.718
47.8696,0.00363333,511.7
48.4461,0.00363333,511.714
49.0239,0.00363333,511.762
49.6034,0.00363333,511.845
50.1849,0.00363333,511.967
50.7685,0.00363333,512.13
51.3545,0.00363333,512.338
51.9433,0.00363333,512.594
52.535,0.00363333,512.902
53.1301,0.00363333,513.264
53.7288,0.00363333,513.686
54.3315,0.00363333,514.17
54.9384,0.00363333,514.72
55.5501,0.00363333,515.34
56.1668,0.00363333,516.033
56.7891,0.00363333,516.802
33.2109,0.00375556,525.112
33.8332,0.00375556,524.017
34.4499,0.00375556,523.001
35.0616,0.00375556,522.062
35.6685,0.00375556,521.196
36.2712,0.00375556,520.399
36.8699,0.00375556,519.667
37.465,0.00375556,518.997
38.0567,0.00375556,518.386
38.6455,0.00375556,517.828
39.2315,0.00375556,517.321
39.8151,0.00375556,516.861
40.3966,0.00375556,516.443
40.9761,0.00375556,516.066
41.5539,0.00375556,515.726
42.1304,0.00375556,515.42
42.7057,0.00375556,515.145
43.2801,0.00375556,514.9
43.8538,0.00375556,514.682
44.427,0.00375556,514.491
45,0.00375556,514.325
45.573,0.00375556,514.185
46.1462,0.00375556,514.069
46.7199,0.00375556,513.978
47.2943,0.00375556,513.914
47.8696,0.00375556,513.877
48.4461,0.00375556,513.868
49.0239,0.00375556,513.891
49.6034,0.00375556,513.947
50.1849,0.00375556,514.039
50.7685,0.00375556,514.17
51.3545,0.00375556,514.343
51.9433,0.00375556,514.562
52.535,0.00375556,514.83
53.1301,0.00375556,515.15
53.7288,0.00375556,515.528
54.3315,0.00375556,515.965
54.9384,0.00375556,516.466
55.5501,0.00375556,517.034
56.1668,0.00375556,517.673
56.7891,0.00375556,518.386
33.2109,0.00387778,527.055
33.8332,0.00387778,526
34.4499,0.00387778,525.022
35.0616,0.00387778,524.117
35.6685,0.00387778,523.283
36.2712,0.00387778,522.516
36.8699,0.00387778,521.811
37.465,0.00387778,521.167
38.0567,0.00387778,520.577
38.6455,0.00387778,520.04
39.2315,0.00387778,519.55
39.8151,0.00387778,519.105
40.3966,0.00387778,518.7
40.9761,0.00387778,518.333
41.5539,0.00387778,518
42.1304,0.00387778,517.699
42.7057,0.00387778,517.427
43.2801,0.00387778,517.182
43.8538,0.00387778,516.963
44.427,0.00387778,516.767
45,0.00387778,516.594
45.573,0.00387778,516.444
46.1462,0.00387778,516.316
46.7199,0.00387778,516.211
47.2943,0.00387778,516.129
47.8696,0.00387778,516.072
48.4461,0.00387778,516.042
49.0239,0.00387778,516.04
49.6034,0.00387778,516.068
50.1849,0.00387778,516.13
50.7685,0.00387778,516.229
51.3545,0.00387778,516.367
51.9433,0.00387778,516.548
52.535,0.00387778,516.776
53.1301,0.00387778,517.054
53.7288,0.00387778,517.386
54.3315,0.00387778,517.775
54.9384,0.00387778,518.226
55.5501,0.00387778,518.742
56.1668,0.00387778,519.327
56.7891,0.00387778,519.983
33.2109,0.004,529.007
33.8332,0.004,527.994
34.4499,0.004,527.055
35.0616,0.004,526.187
35.6685,0.004,525.387
36.2712,0.004,524.651
36.8699,0.004,523.976
37.465,0.004,523.357
38.0567,0.004,522.792
38.6455,0.004,522.276
39.2315,0.004,521.805
39.8151,0.004,521.376
40.3966,0.004,520.985
40.9761,0.004,520.629
41.5539,0.004,520.304
42.1304,0.004,520.009
42.7057,0.004,519.741
43.2801,0.004,519.497
43.8538,0.004,519.276
44.427,0.004,519.076
45,0.004,518.897
45.573,0.004,518.737
46.1462,0.004,518.598
46.7199,0.004,518.478
47.2943,0.004,518.38
47.8696,0.004,518.303
48.4461,0.004,518.251
49.0239,0.004,518.224
49.6034,0.004,518.225
50.1849,0.004,518.258
50.7685,0.004,518.323
51.3545,0.004,518.426
51.9433,0.004,518.569
52.535,0.004,518.756
53.1301,0.004,518.991
53.7288,0.004,519.277
54.3315,0.004,519.617
54.9384,0.004,520.017
55.5501,0.004,520.479
56.1668,0.004,521.008
56.7891,0.004,521.606
